{
  "$schema": "https://developer.microsoft.com/json-schemas/spfx-build/package-solution.schema.json",
  "solution": {
    "name": "casgConnect-client-side-solution",
    "id": "5cd889f8-826d-4e56-a9e1-1065fb13204f",
    "version": "1.0.0.0",
    "includeClientSideAssets": true,
    "skipFeatureDeployment": true,
    "isDomainIsolated": false,
    "developer": {
      "name": "",
      "websiteUrl": "",
      "privacyUrl": "",
      "termsOfUseUrl": "",
      "mpnId": "Undefined-1.18.0"
    },
    "webApiPermissionRequests": [
      {
        "resource": "Microsoft Graph",
        "scope": "User.Read.All"
      }
    ],

    "metadata": {
      "shortDescription": {
        "default": "casgConnect description"
      },
      "longDescription": {
        "default": "casgConnect description"
      },
      "screenshotPaths": [],
      "videoUrl": "",
      "categories": []
    },
    "features": [
      {
        "title": "casgConnect Feature",
        "description": "The feature that activates elements of the casgConnect solution.",
        "id": "dc0e75e4-4e7d-425e-a5e7-5a7a9b5b36a0",
        "version": "1.0.0.0"
      }
    ]
  },
  "paths": {
    "zippedPackage": "solution/casgConnect.sppkg"
  }
}
