[{"id":"73e1dc6c-8441-42cc-ad47-4bd3659f8a3a","alias":"SPLodashSubset","componentType":"Library","version":"1.18.0","manifestVersion":2,"loaderConfig":{"internalModuleBaseUrls":["https://localhost:4321/node_modules/@microsoft/sp-lodash-subset/dist/"],"entryModuleId":"sp-lodash-subset","scriptResources":{"sp-lodash-subset":{"type":"path","path":"sp-lodash-subset_ca48a9acccccb509e169.js"}}}},{"id":"7263c7d0-1d6a-45ec-8d85-d4d1d234171b","alias":"SPCoreLibrary","componentType":"Library","version":"1.18.0","manifestVersion":2,"loaderConfig":{"internalModuleBaseUrls":["https://localhost:4321/node_modules/@microsoft/sp-core-library/dist/","https://localhost:4321/dist/"],"entryModuleId":"sp-core-library","scriptResources":{"sp-core-library":{"type":"localizedPath","paths":{"default":"sp-core-library_default_f7030a842d758ecbf846.js","en-US":"sp-core-library_en-us_f7030a842d758ecbf846.js","qps-ploca":"sp-core-library_qps-ploca_f7030a842d758ecbf846.js","qps-ploc":"sp-core-library_qps-ploc_f7030a842d758ecbf846.js","en-GB":"sp-core-library_en-us_f7030a842d758ecbf846.js","en-NZ":"sp-core-library_en-us_f7030a842d758ecbf846.js","en-IE":"sp-core-library_en-us_f7030a842d758ecbf846.js","en-AU":"sp-core-library_en-us_f7030a842d758ecbf846.js","bn":"sp-core-library_en-us_f7030a842d758ecbf846.js","chr":"sp-core-library_en-us_f7030a842d758ecbf846.js","dv":"sp-core-library_en-us_f7030a842d758ecbf846.js","div":"sp-core-library_en-us_f7030a842d758ecbf846.js","en":"sp-core-library_en-us_f7030a842d758ecbf846.js","fil":"sp-core-library_en-us_f7030a842d758ecbf846.js","haw":"sp-core-library_en-us_f7030a842d758ecbf846.js","iu":"sp-core-library_en-us_f7030a842d758ecbf846.js","lo":"sp-core-library_en-us_f7030a842d758ecbf846.js","moh":"sp-core-library_en-us_f7030a842d758ecbf846.js","sq":"sp-core-library_en-us_f7030a842d758ecbf846.js","am":"sp-core-library_en-us_f7030a842d758ecbf846.js","hy":"sp-core-library_en-us_f7030a842d758ecbf846.js","mk":"sp-core-library_en-us_f7030a842d758ecbf846.js","bs":"sp-core-library_en-us_f7030a842d758ecbf846.js","my":"sp-core-library_en-us_f7030a842d758ecbf846.js","dz":"sp-core-library_en-us_f7030a842d758ecbf846.js","en-CY":"sp-core-library_en-us_f7030a842d758ecbf846.js","en-EG":"sp-core-library_en-us_f7030a842d758ecbf846.js","en-IL":"sp-core-library_en-us_f7030a842d758ecbf846.js","en-IS":"sp-core-library_en-us_f7030a842d758ecbf846.js","en-JO":"sp-core-library_en-us_f7030a842d758ecbf846.js","en-KE":"sp-core-library_en-us_f7030a842d758ecbf846.js","en-KW":"sp-core-library_en-us_f7030a842d758ecbf846.js","en-MK":"sp-core-library_en-us_f7030a842d758ecbf846.js","en-MT":"sp-core-library_en-us_f7030a842d758ecbf846.js","en-PK":"sp-core-library_en-us_f7030a842d758ecbf846.js","en-QA":"sp-core-library_en-us_f7030a842d758ecbf846.js","en-SA":"sp-core-library_en-us_f7030a842d758ecbf846.js","en-LK":"sp-core-library_en-us_f7030a842d758ecbf846.js","en-AE":"sp-core-library_en-us_f7030a842d758ecbf846.js","en-VN":"sp-core-library_en-us_f7030a842d758ecbf846.js","is":"sp-core-library_en-us_f7030a842d758ecbf846.js","km":"sp-core-library_en-us_f7030a842d758ecbf846.js","kh":"sp-core-library_en-us_f7030a842d758ecbf846.js","mt":"sp-core-library_en-us_f7030a842d758ecbf846.js","fa":"sp-core-library_en-us_f7030a842d758ecbf846.js","gd":"sp-core-library_en-us_f7030a842d758ecbf846.js","sr-Cyrl-BA":"sp-core-library_en-us_f7030a842d758ecbf846.js","sr-Latn-BA":"sp-core-library_en-us_f7030a842d758ecbf846.js","sd":"sp-core-library_en-us_f7030a842d758ecbf846.js","si":"sp-core-library_en-us_f7030a842d758ecbf846.js","so":"sp-core-library_en-us_f7030a842d758ecbf846.js","ti-ET":"sp-core-library_en-us_f7030a842d758ecbf846.js","uz":"sp-core-library_en-us_f7030a842d758ecbf846.js","en-SG":"sp-core-library_en-us_f7030a842d758ecbf846.js","en-HK":"sp-core-library_en-us_f7030a842d758ecbf846.js","en-MY":"sp-core-library_en-us_f7030a842d758ecbf846.js","en-PH":"sp-core-library_en-us_f7030a842d758ecbf846.js","en-TT":"sp-core-library_en-us_f7030a842d758ecbf846.js","en-AZ":"sp-core-library_en-us_f7030a842d758ecbf846.js","en-BH":"sp-core-library_en-us_f7030a842d758ecbf846.js","en-BN":"sp-core-library_en-us_f7030a842d758ecbf846.js","en-ID":"sp-core-library_en-us_f7030a842d758ecbf846.js","mi":"sp-core-library_en-us_f7030a842d758ecbf846.js"},"defaultPath":"sp-core-library_default_f7030a842d758ecbf846.js"},"tslib":{"type":"component","id":"01c4df03-e775-48cb-aa14-171ee5199a15","version":"2.3.1"},"@ms/odsp-core-bundle":{"type":"component","id":"2e09fb9b-13bb-48f2-859f-97d6fff71176","version":"1.3.297"}}}},{"manifestVersion":2,"id":"78359e4b-07c2-43c6-8d0b-d060b4d577e8","alias":"SPDiagnostics","componentType":"Library","version":"1.18.0","loaderConfig":{"internalModuleBaseUrls":["https://localhost:4321/node_modules/@microsoft/sp-diagnostics/dist/","https://localhost:4321/dist/"],"entryModuleId":"sp-diagnostics","scriptResources":{"sp-diagnostics":{"type":"path","path":"sp-diagnostics_none_9cf11f5cc818ebac1a6e.js"},"tslib":{"type":"component","id":"01c4df03-e775-48cb-aa14-171ee5199a15","version":"2.3.1"},"@microsoft/sp-lodash-subset":{"type":"component","id":"73e1dc6c-8441-42cc-ad47-4bd3659f8a3a","version":"1.18.0"},"@microsoft/sp-core-library":{"type":"component","id":"7263c7d0-1d6a-45ec-8d85-d4d1d234171b","version":"1.18.0"}}}},{"manifestVersion":2,"id":"e40f8203-b39d-425a-a957-714852e33b79","alias":"SPDynamicData","componentType":"Library","version":"1.18.0","loaderConfig":{"internalModuleBaseUrls":["https://localhost:4321/node_modules/@microsoft/sp-dynamic-data/dist/","https://localhost:4321/dist/"],"entryModuleId":"sp-dynamic-data","scriptResources":{"sp-dynamic-data":{"type":"localizedPath","paths":{"default":"sp-dynamic-data_default_6b106b8e90a3435a4359.js","en-US":"sp-dynamic-data_en-us_6b106b8e90a3435a4359.js","qps-ploca":"sp-dynamic-data_qps-ploca_6b106b8e90a3435a4359.js","qps-ploc":"sp-dynamic-data_qps-ploc_6b106b8e90a3435a4359.js","en-GB":"sp-dynamic-data_en-us_6b106b8e90a3435a4359.js","en-NZ":"sp-dynamic-data_en-us_6b106b8e90a3435a4359.js","en-IE":"sp-dynamic-data_en-us_6b106b8e90a3435a4359.js","en-AU":"sp-dynamic-data_en-us_6b106b8e90a3435a4359.js","bn":"sp-dynamic-data_en-us_6b106b8e90a3435a4359.js","chr":"sp-dynamic-data_en-us_6b106b8e90a3435a4359.js","dv":"sp-dynamic-data_en-us_6b106b8e90a3435a4359.js","div":"sp-dynamic-data_en-us_6b106b8e90a3435a4359.js","en":"sp-dynamic-data_en-us_6b106b8e90a3435a4359.js","fil":"sp-dynamic-data_en-us_6b106b8e90a3435a4359.js","haw":"sp-dynamic-data_en-us_6b106b8e90a3435a4359.js","iu":"sp-dynamic-data_en-us_6b106b8e90a3435a4359.js","lo":"sp-dynamic-data_en-us_6b106b8e90a3435a4359.js","moh":"sp-dynamic-data_en-us_6b106b8e90a3435a4359.js","sq":"sp-dynamic-data_en-us_6b106b8e90a3435a4359.js","am":"sp-dynamic-data_en-us_6b106b8e90a3435a4359.js","hy":"sp-dynamic-data_en-us_6b106b8e90a3435a4359.js","mk":"sp-dynamic-data_en-us_6b106b8e90a3435a4359.js","bs":"sp-dynamic-data_en-us_6b106b8e90a3435a4359.js","my":"sp-dynamic-data_en-us_6b106b8e90a3435a4359.js","dz":"sp-dynamic-data_en-us_6b106b8e90a3435a4359.js","en-CY":"sp-dynamic-data_en-us_6b106b8e90a3435a4359.js","en-EG":"sp-dynamic-data_en-us_6b106b8e90a3435a4359.js","en-IL":"sp-dynamic-data_en-us_6b106b8e90a3435a4359.js","en-IS":"sp-dynamic-data_en-us_6b106b8e90a3435a4359.js","en-JO":"sp-dynamic-data_en-us_6b106b8e90a3435a4359.js","en-KE":"sp-dynamic-data_en-us_6b106b8e90a3435a4359.js","en-KW":"sp-dynamic-data_en-us_6b106b8e90a3435a4359.js","en-MK":"sp-dynamic-data_en-us_6b106b8e90a3435a4359.js","en-MT":"sp-dynamic-data_en-us_6b106b8e90a3435a4359.js","en-PK":"sp-dynamic-data_en-us_6b106b8e90a3435a4359.js","en-QA":"sp-dynamic-data_en-us_6b106b8e90a3435a4359.js","en-SA":"sp-dynamic-data_en-us_6b106b8e90a3435a4359.js","en-LK":"sp-dynamic-data_en-us_6b106b8e90a3435a4359.js","en-AE":"sp-dynamic-data_en-us_6b106b8e90a3435a4359.js","en-VN":"sp-dynamic-data_en-us_6b106b8e90a3435a4359.js","is":"sp-dynamic-data_en-us_6b106b8e90a3435a4359.js","km":"sp-dynamic-data_en-us_6b106b8e90a3435a4359.js","kh":"sp-dynamic-data_en-us_6b106b8e90a3435a4359.js","mt":"sp-dynamic-data_en-us_6b106b8e90a3435a4359.js","fa":"sp-dynamic-data_en-us_6b106b8e90a3435a4359.js","gd":"sp-dynamic-data_en-us_6b106b8e90a3435a4359.js","sr-Cyrl-BA":"sp-dynamic-data_en-us_6b106b8e90a3435a4359.js","sr-Latn-BA":"sp-dynamic-data_en-us_6b106b8e90a3435a4359.js","sd":"sp-dynamic-data_en-us_6b106b8e90a3435a4359.js","si":"sp-dynamic-data_en-us_6b106b8e90a3435a4359.js","so":"sp-dynamic-data_en-us_6b106b8e90a3435a4359.js","ti-ET":"sp-dynamic-data_en-us_6b106b8e90a3435a4359.js","uz":"sp-dynamic-data_en-us_6b106b8e90a3435a4359.js","en-SG":"sp-dynamic-data_en-us_6b106b8e90a3435a4359.js","en-HK":"sp-dynamic-data_en-us_6b106b8e90a3435a4359.js","en-MY":"sp-dynamic-data_en-us_6b106b8e90a3435a4359.js","en-PH":"sp-dynamic-data_en-us_6b106b8e90a3435a4359.js","en-TT":"sp-dynamic-data_en-us_6b106b8e90a3435a4359.js","en-AZ":"sp-dynamic-data_en-us_6b106b8e90a3435a4359.js","en-BH":"sp-dynamic-data_en-us_6b106b8e90a3435a4359.js","en-BN":"sp-dynamic-data_en-us_6b106b8e90a3435a4359.js","en-ID":"sp-dynamic-data_en-us_6b106b8e90a3435a4359.js","mi":"sp-dynamic-data_en-us_6b106b8e90a3435a4359.js"},"defaultPath":"sp-dynamic-data_default_6b106b8e90a3435a4359.js"},"@microsoft/sp-lodash-subset":{"type":"component","id":"73e1dc6c-8441-42cc-ad47-4bd3659f8a3a","version":"1.18.0"},"@microsoft/sp-core-library":{"type":"component","id":"7263c7d0-1d6a-45ec-8d85-d4d1d234171b","version":"1.18.0"},"@microsoft/sp-diagnostics":{"type":"component","id":"78359e4b-07c2-43c6-8d0b-d060b4d577e8","version":"1.18.0"}}}},{"id":"1c4541f7-5c31-41aa-9fa8-fbc9dc14c0a8","alias":"SPPageContext","componentType":"Library","version":"1.18.0","manifestVersion":2,"loaderConfig":{"internalModuleBaseUrls":["https://localhost:4321/node_modules/@microsoft/sp-page-context/dist/","https://localhost:4321/dist/"],"entryModuleId":"sp-page-context","scriptResources":{"sp-page-context":{"type":"localizedPath","paths":{"default":"sp-page-context_default_bec75eef181561bb4749.js","en-US":"sp-page-context_en-us_bec75eef181561bb4749.js","qps-ploca":"sp-page-context_qps-ploca_bec75eef181561bb4749.js","qps-ploc":"sp-page-context_qps-ploc_bec75eef181561bb4749.js","en-GB":"sp-page-context_en-us_bec75eef181561bb4749.js","en-NZ":"sp-page-context_en-us_bec75eef181561bb4749.js","en-IE":"sp-page-context_en-us_bec75eef181561bb4749.js","en-AU":"sp-page-context_en-us_bec75eef181561bb4749.js","bn":"sp-page-context_en-us_bec75eef181561bb4749.js","chr":"sp-page-context_en-us_bec75eef181561bb4749.js","dv":"sp-page-context_en-us_bec75eef181561bb4749.js","div":"sp-page-context_en-us_bec75eef181561bb4749.js","en":"sp-page-context_en-us_bec75eef181561bb4749.js","fil":"sp-page-context_en-us_bec75eef181561bb4749.js","haw":"sp-page-context_en-us_bec75eef181561bb4749.js","iu":"sp-page-context_en-us_bec75eef181561bb4749.js","lo":"sp-page-context_en-us_bec75eef181561bb4749.js","moh":"sp-page-context_en-us_bec75eef181561bb4749.js","sq":"sp-page-context_en-us_bec75eef181561bb4749.js","am":"sp-page-context_en-us_bec75eef181561bb4749.js","hy":"sp-page-context_en-us_bec75eef181561bb4749.js","mk":"sp-page-context_en-us_bec75eef181561bb4749.js","bs":"sp-page-context_en-us_bec75eef181561bb4749.js","my":"sp-page-context_en-us_bec75eef181561bb4749.js","dz":"sp-page-context_en-us_bec75eef181561bb4749.js","en-CY":"sp-page-context_en-us_bec75eef181561bb4749.js","en-EG":"sp-page-context_en-us_bec75eef181561bb4749.js","en-IL":"sp-page-context_en-us_bec75eef181561bb4749.js","en-IS":"sp-page-context_en-us_bec75eef181561bb4749.js","en-JO":"sp-page-context_en-us_bec75eef181561bb4749.js","en-KE":"sp-page-context_en-us_bec75eef181561bb4749.js","en-KW":"sp-page-context_en-us_bec75eef181561bb4749.js","en-MK":"sp-page-context_en-us_bec75eef181561bb4749.js","en-MT":"sp-page-context_en-us_bec75eef181561bb4749.js","en-PK":"sp-page-context_en-us_bec75eef181561bb4749.js","en-QA":"sp-page-context_en-us_bec75eef181561bb4749.js","en-SA":"sp-page-context_en-us_bec75eef181561bb4749.js","en-LK":"sp-page-context_en-us_bec75eef181561bb4749.js","en-AE":"sp-page-context_en-us_bec75eef181561bb4749.js","en-VN":"sp-page-context_en-us_bec75eef181561bb4749.js","is":"sp-page-context_en-us_bec75eef181561bb4749.js","km":"sp-page-context_en-us_bec75eef181561bb4749.js","kh":"sp-page-context_en-us_bec75eef181561bb4749.js","mt":"sp-page-context_en-us_bec75eef181561bb4749.js","fa":"sp-page-context_en-us_bec75eef181561bb4749.js","gd":"sp-page-context_en-us_bec75eef181561bb4749.js","sr-Cyrl-BA":"sp-page-context_en-us_bec75eef181561bb4749.js","sr-Latn-BA":"sp-page-context_en-us_bec75eef181561bb4749.js","sd":"sp-page-context_en-us_bec75eef181561bb4749.js","si":"sp-page-context_en-us_bec75eef181561bb4749.js","so":"sp-page-context_en-us_bec75eef181561bb4749.js","ti-ET":"sp-page-context_en-us_bec75eef181561bb4749.js","uz":"sp-page-context_en-us_bec75eef181561bb4749.js","en-SG":"sp-page-context_en-us_bec75eef181561bb4749.js","en-HK":"sp-page-context_en-us_bec75eef181561bb4749.js","en-MY":"sp-page-context_en-us_bec75eef181561bb4749.js","en-PH":"sp-page-context_en-us_bec75eef181561bb4749.js","en-TT":"sp-page-context_en-us_bec75eef181561bb4749.js","en-AZ":"sp-page-context_en-us_bec75eef181561bb4749.js","en-BH":"sp-page-context_en-us_bec75eef181561bb4749.js","en-BN":"sp-page-context_en-us_bec75eef181561bb4749.js","en-ID":"sp-page-context_en-us_bec75eef181561bb4749.js","mi":"sp-page-context_en-us_bec75eef181561bb4749.js"},"defaultPath":"sp-page-context_default_bec75eef181561bb4749.js"},"tslib":{"type":"component","id":"01c4df03-e775-48cb-aa14-171ee5199a15","version":"2.3.1"},"@microsoft/sp-dynamic-data":{"type":"component","id":"e40f8203-b39d-425a-a957-714852e33b79","version":"1.18.0"},"@microsoft/sp-core-library":{"type":"component","id":"7263c7d0-1d6a-45ec-8d85-d4d1d234171b","version":"1.18.0"},"@microsoft/sp-diagnostics":{"type":"component","id":"78359e4b-07c2-43c6-8d0b-d060b4d577e8","version":"1.18.0"}}}},{"manifestVersion":2,"id":"8496636c-2300-4915-abef-20de64c98d8b","alias":"@microsoft/sp-http-base","componentType":"Library","version":"1.18.0","loaderConfig":{"internalModuleBaseUrls":["https://localhost:4321/node_modules/@microsoft/sp-http-base/dist/","https://localhost:4321/dist/"],"entryModuleId":"sp-http-base","scriptResources":{"sp-http-base":{"type":"localizedPath","paths":{"default":"sp-http-base_default_73eb5fdafb3ca9fa2ac4.js","en-US":"sp-http-base_en-us_73eb5fdafb3ca9fa2ac4.js","qps-ploca":"sp-http-base_qps-ploca_73eb5fdafb3ca9fa2ac4.js","qps-ploc":"sp-http-base_qps-ploc_73eb5fdafb3ca9fa2ac4.js","en-GB":"sp-http-base_en-us_73eb5fdafb3ca9fa2ac4.js","en-NZ":"sp-http-base_en-us_73eb5fdafb3ca9fa2ac4.js","en-IE":"sp-http-base_en-us_73eb5fdafb3ca9fa2ac4.js","en-AU":"sp-http-base_en-us_73eb5fdafb3ca9fa2ac4.js","bn":"sp-http-base_en-us_73eb5fdafb3ca9fa2ac4.js","chr":"sp-http-base_en-us_73eb5fdafb3ca9fa2ac4.js","dv":"sp-http-base_en-us_73eb5fdafb3ca9fa2ac4.js","div":"sp-http-base_en-us_73eb5fdafb3ca9fa2ac4.js","en":"sp-http-base_en-us_73eb5fdafb3ca9fa2ac4.js","fil":"sp-http-base_en-us_73eb5fdafb3ca9fa2ac4.js","haw":"sp-http-base_en-us_73eb5fdafb3ca9fa2ac4.js","iu":"sp-http-base_en-us_73eb5fdafb3ca9fa2ac4.js","lo":"sp-http-base_en-us_73eb5fdafb3ca9fa2ac4.js","moh":"sp-http-base_en-us_73eb5fdafb3ca9fa2ac4.js","sq":"sp-http-base_en-us_73eb5fdafb3ca9fa2ac4.js","am":"sp-http-base_en-us_73eb5fdafb3ca9fa2ac4.js","hy":"sp-http-base_en-us_73eb5fdafb3ca9fa2ac4.js","mk":"sp-http-base_en-us_73eb5fdafb3ca9fa2ac4.js","bs":"sp-http-base_en-us_73eb5fdafb3ca9fa2ac4.js","my":"sp-http-base_en-us_73eb5fdafb3ca9fa2ac4.js","dz":"sp-http-base_en-us_73eb5fdafb3ca9fa2ac4.js","en-CY":"sp-http-base_en-us_73eb5fdafb3ca9fa2ac4.js","en-EG":"sp-http-base_en-us_73eb5fdafb3ca9fa2ac4.js","en-IL":"sp-http-base_en-us_73eb5fdafb3ca9fa2ac4.js","en-IS":"sp-http-base_en-us_73eb5fdafb3ca9fa2ac4.js","en-JO":"sp-http-base_en-us_73eb5fdafb3ca9fa2ac4.js","en-KE":"sp-http-base_en-us_73eb5fdafb3ca9fa2ac4.js","en-KW":"sp-http-base_en-us_73eb5fdafb3ca9fa2ac4.js","en-MK":"sp-http-base_en-us_73eb5fdafb3ca9fa2ac4.js","en-MT":"sp-http-base_en-us_73eb5fdafb3ca9fa2ac4.js","en-PK":"sp-http-base_en-us_73eb5fdafb3ca9fa2ac4.js","en-QA":"sp-http-base_en-us_73eb5fdafb3ca9fa2ac4.js","en-SA":"sp-http-base_en-us_73eb5fdafb3ca9fa2ac4.js","en-LK":"sp-http-base_en-us_73eb5fdafb3ca9fa2ac4.js","en-AE":"sp-http-base_en-us_73eb5fdafb3ca9fa2ac4.js","en-VN":"sp-http-base_en-us_73eb5fdafb3ca9fa2ac4.js","is":"sp-http-base_en-us_73eb5fdafb3ca9fa2ac4.js","km":"sp-http-base_en-us_73eb5fdafb3ca9fa2ac4.js","kh":"sp-http-base_en-us_73eb5fdafb3ca9fa2ac4.js","mt":"sp-http-base_en-us_73eb5fdafb3ca9fa2ac4.js","fa":"sp-http-base_en-us_73eb5fdafb3ca9fa2ac4.js","gd":"sp-http-base_en-us_73eb5fdafb3ca9fa2ac4.js","sr-Cyrl-BA":"sp-http-base_en-us_73eb5fdafb3ca9fa2ac4.js","sr-Latn-BA":"sp-http-base_en-us_73eb5fdafb3ca9fa2ac4.js","sd":"sp-http-base_en-us_73eb5fdafb3ca9fa2ac4.js","si":"sp-http-base_en-us_73eb5fdafb3ca9fa2ac4.js","so":"sp-http-base_en-us_73eb5fdafb3ca9fa2ac4.js","ti-ET":"sp-http-base_en-us_73eb5fdafb3ca9fa2ac4.js","uz":"sp-http-base_en-us_73eb5fdafb3ca9fa2ac4.js","en-SG":"sp-http-base_en-us_73eb5fdafb3ca9fa2ac4.js","en-HK":"sp-http-base_en-us_73eb5fdafb3ca9fa2ac4.js","en-MY":"sp-http-base_en-us_73eb5fdafb3ca9fa2ac4.js","en-PH":"sp-http-base_en-us_73eb5fdafb3ca9fa2ac4.js","en-TT":"sp-http-base_en-us_73eb5fdafb3ca9fa2ac4.js","en-AZ":"sp-http-base_en-us_73eb5fdafb3ca9fa2ac4.js","en-BH":"sp-http-base_en-us_73eb5fdafb3ca9fa2ac4.js","en-BN":"sp-http-base_en-us_73eb5fdafb3ca9fa2ac4.js","en-ID":"sp-http-base_en-us_73eb5fdafb3ca9fa2ac4.js","mi":"sp-http-base_en-us_73eb5fdafb3ca9fa2ac4.js"},"defaultPath":"sp-http-base_default_73eb5fdafb3ca9fa2ac4.js"},"tslib":{"type":"component","id":"01c4df03-e775-48cb-aa14-171ee5199a15","version":"2.3.1"},"@ms/odsp-core-bundle":{"type":"component","id":"2e09fb9b-13bb-48f2-859f-97d6fff71176","version":"1.3.297"},"@microsoft/sp-core-library":{"type":"component","id":"7263c7d0-1d6a-45ec-8d85-d4d1d234171b","version":"1.18.0"},"@microsoft/sp-page-context":{"type":"component","id":"1c4541f7-5c31-41aa-9fa8-fbc9dc14c0a8","version":"1.18.0"},"@microsoft/sp-diagnostics":{"type":"component","id":"78359e4b-07c2-43c6-8d0b-d060b4d577e8","version":"1.18.0"}}}},{"id":"1c6c9123-7aac-41f3-a376-3caea41ed83f","alias":"SPLoader","componentType":"Library","version":"1.18.0","manifestVersion":2,"loaderConfig":{"internalModuleBaseUrls":["https://localhost:4321/node_modules/@microsoft/sp-loader/dist/","https://localhost:54321/dist/"],"entryModuleId":"sp-loader","scriptResources":{"sp-loader":{"type":"localizedPath","paths":{"default":"sp-loader_default_cf882b6cab2e08ff1360.js","en-US":"sp-loader_en-us_cf882b6cab2e08ff1360.js","qps-ploca":"sp-loader_qps-ploca_cf882b6cab2e08ff1360.js","qps-ploc":"sp-loader_qps-ploc_cf882b6cab2e08ff1360.js","en-GB":"sp-loader_en-us_cf882b6cab2e08ff1360.js","en-NZ":"sp-loader_en-us_cf882b6cab2e08ff1360.js","en-IE":"sp-loader_en-us_cf882b6cab2e08ff1360.js","en-AU":"sp-loader_en-us_cf882b6cab2e08ff1360.js","bn":"sp-loader_en-us_cf882b6cab2e08ff1360.js","chr":"sp-loader_en-us_cf882b6cab2e08ff1360.js","dv":"sp-loader_en-us_cf882b6cab2e08ff1360.js","div":"sp-loader_en-us_cf882b6cab2e08ff1360.js","en":"sp-loader_en-us_cf882b6cab2e08ff1360.js","fil":"sp-loader_en-us_cf882b6cab2e08ff1360.js","haw":"sp-loader_en-us_cf882b6cab2e08ff1360.js","iu":"sp-loader_en-us_cf882b6cab2e08ff1360.js","lo":"sp-loader_en-us_cf882b6cab2e08ff1360.js","moh":"sp-loader_en-us_cf882b6cab2e08ff1360.js","sq":"sp-loader_en-us_cf882b6cab2e08ff1360.js","am":"sp-loader_en-us_cf882b6cab2e08ff1360.js","hy":"sp-loader_en-us_cf882b6cab2e08ff1360.js","mk":"sp-loader_en-us_cf882b6cab2e08ff1360.js","bs":"sp-loader_en-us_cf882b6cab2e08ff1360.js","my":"sp-loader_en-us_cf882b6cab2e08ff1360.js","dz":"sp-loader_en-us_cf882b6cab2e08ff1360.js","en-CY":"sp-loader_en-us_cf882b6cab2e08ff1360.js","en-EG":"sp-loader_en-us_cf882b6cab2e08ff1360.js","en-IL":"sp-loader_en-us_cf882b6cab2e08ff1360.js","en-IS":"sp-loader_en-us_cf882b6cab2e08ff1360.js","en-JO":"sp-loader_en-us_cf882b6cab2e08ff1360.js","en-KE":"sp-loader_en-us_cf882b6cab2e08ff1360.js","en-KW":"sp-loader_en-us_cf882b6cab2e08ff1360.js","en-MK":"sp-loader_en-us_cf882b6cab2e08ff1360.js","en-MT":"sp-loader_en-us_cf882b6cab2e08ff1360.js","en-PK":"sp-loader_en-us_cf882b6cab2e08ff1360.js","en-QA":"sp-loader_en-us_cf882b6cab2e08ff1360.js","en-SA":"sp-loader_en-us_cf882b6cab2e08ff1360.js","en-LK":"sp-loader_en-us_cf882b6cab2e08ff1360.js","en-AE":"sp-loader_en-us_cf882b6cab2e08ff1360.js","en-VN":"sp-loader_en-us_cf882b6cab2e08ff1360.js","is":"sp-loader_en-us_cf882b6cab2e08ff1360.js","km":"sp-loader_en-us_cf882b6cab2e08ff1360.js","kh":"sp-loader_en-us_cf882b6cab2e08ff1360.js","mt":"sp-loader_en-us_cf882b6cab2e08ff1360.js","fa":"sp-loader_en-us_cf882b6cab2e08ff1360.js","gd":"sp-loader_en-us_cf882b6cab2e08ff1360.js","sr-Cyrl-BA":"sp-loader_en-us_cf882b6cab2e08ff1360.js","sr-Latn-BA":"sp-loader_en-us_cf882b6cab2e08ff1360.js","sd":"sp-loader_en-us_cf882b6cab2e08ff1360.js","si":"sp-loader_en-us_cf882b6cab2e08ff1360.js","so":"sp-loader_en-us_cf882b6cab2e08ff1360.js","ti-ET":"sp-loader_en-us_cf882b6cab2e08ff1360.js","uz":"sp-loader_en-us_cf882b6cab2e08ff1360.js","en-SG":"sp-loader_en-us_cf882b6cab2e08ff1360.js","en-HK":"sp-loader_en-us_cf882b6cab2e08ff1360.js","en-MY":"sp-loader_en-us_cf882b6cab2e08ff1360.js","en-PH":"sp-loader_en-us_cf882b6cab2e08ff1360.js","en-TT":"sp-loader_en-us_cf882b6cab2e08ff1360.js","en-AZ":"sp-loader_en-us_cf882b6cab2e08ff1360.js","en-BH":"sp-loader_en-us_cf882b6cab2e08ff1360.js","en-BN":"sp-loader_en-us_cf882b6cab2e08ff1360.js","en-ID":"sp-loader_en-us_cf882b6cab2e08ff1360.js","mi":"sp-loader_en-us_cf882b6cab2e08ff1360.js"},"defaultPath":"sp-loader_default_cf882b6cab2e08ff1360.js"},"tslib":{"type":"component","id":"01c4df03-e775-48cb-aa14-171ee5199a15","version":"2.3.1"},"@microsoft/sp-http-base":{"type":"component","id":"8496636c-2300-4915-abef-20de64c98d8b","version":"1.18.0"},"@ms/sp-telemetry":{"type":"component","id":"8217e442-8ed3-41fd-957d-b112e841286a","version":"0.30.33"},"@microsoft/sp-dynamic-data":{"type":"component","id":"e40f8203-b39d-425a-a957-714852e33b79","version":"1.18.0"},"@microsoft/sp-lodash-subset":{"type":"component","id":"73e1dc6c-8441-42cc-ad47-4bd3659f8a3a","version":"1.18.0"},"@microsoft/sp-core-library":{"type":"component","id":"7263c7d0-1d6a-45ec-8d85-d4d1d234171b","version":"1.18.0"},"@microsoft/sp-page-context":{"type":"component","id":"1c4541f7-5c31-41aa-9fa8-fbc9dc14c0a8","version":"1.18.0"},"@microsoft/load-themed-styles":{"type":"component","id":"229b8d08-79f3-438b-8c21-4613fc877abd","version":"0.1.2"},"@microsoft/sp-diagnostics":{"type":"component","id":"78359e4b-07c2-43c6-8d0b-d060b4d577e8","version":"1.18.0"}}}},{"manifestVersion":2,"componentType":"Library","id":"44bae1a2-d2eb-4e10-8c21-a1dbdce1036f","alias":"sp-loader-assembly","isInternal":true,"version":"1.0.0","rootComponentId":"1c6c9123-7aac-41f3-a376-3caea41ed83f","requiresCustomScript":false,"loaderConfig":{"internalModuleBaseUrls":["https://localhost:4321/node_modules/@microsoft/sp-loader/dist/"],"entryModuleId":"sp-loader-assembly","scriptResources":{"sp-loader-assembly":{"type":"localizedPath","paths":{"default":"sp-loader-assembly_default.js","en-US":"sp-loader-assembly_en-us.js","qps-ploca":"sp-loader-assembly_qps-ploca.js","qps-ploc":"sp-loader-assembly_qps-ploc.js","en-GB":"sp-loader-assembly_en-us.js","en-NZ":"sp-loader-assembly_en-us.js","en-IE":"sp-loader-assembly_en-us.js","en-AU":"sp-loader-assembly_en-us.js","bn":"sp-loader-assembly_en-us.js","chr":"sp-loader-assembly_en-us.js","dv":"sp-loader-assembly_en-us.js","div":"sp-loader-assembly_en-us.js","en":"sp-loader-assembly_en-us.js","fil":"sp-loader-assembly_en-us.js","haw":"sp-loader-assembly_en-us.js","iu":"sp-loader-assembly_en-us.js","lo":"sp-loader-assembly_en-us.js","moh":"sp-loader-assembly_en-us.js","sq":"sp-loader-assembly_en-us.js","am":"sp-loader-assembly_en-us.js","hy":"sp-loader-assembly_en-us.js","mk":"sp-loader-assembly_en-us.js","bs":"sp-loader-assembly_en-us.js","my":"sp-loader-assembly_en-us.js","dz":"sp-loader-assembly_en-us.js","en-CY":"sp-loader-assembly_en-us.js","en-EG":"sp-loader-assembly_en-us.js","en-IL":"sp-loader-assembly_en-us.js","en-IS":"sp-loader-assembly_en-us.js","en-JO":"sp-loader-assembly_en-us.js","en-KE":"sp-loader-assembly_en-us.js","en-KW":"sp-loader-assembly_en-us.js","en-MK":"sp-loader-assembly_en-us.js","en-MT":"sp-loader-assembly_en-us.js","en-PK":"sp-loader-assembly_en-us.js","en-QA":"sp-loader-assembly_en-us.js","en-SA":"sp-loader-assembly_en-us.js","en-LK":"sp-loader-assembly_en-us.js","en-AE":"sp-loader-assembly_en-us.js","en-VN":"sp-loader-assembly_en-us.js","is":"sp-loader-assembly_en-us.js","km":"sp-loader-assembly_en-us.js","kh":"sp-loader-assembly_en-us.js","mt":"sp-loader-assembly_en-us.js","fa":"sp-loader-assembly_en-us.js","gd":"sp-loader-assembly_en-us.js","sr-Cyrl-BA":"sp-loader-assembly_en-us.js","sr-Latn-BA":"sp-loader-assembly_en-us.js","sd":"sp-loader-assembly_en-us.js","si":"sp-loader-assembly_en-us.js","so":"sp-loader-assembly_en-us.js","ti-ET":"sp-loader-assembly_en-us.js","uz":"sp-loader-assembly_en-us.js","en-SG":"sp-loader-assembly_en-us.js","en-HK":"sp-loader-assembly_en-us.js","en-MY":"sp-loader-assembly_en-us.js","en-PH":"sp-loader-assembly_en-us.js","en-TT":"sp-loader-assembly_en-us.js","en-AZ":"sp-loader-assembly_en-us.js","en-BH":"sp-loader-assembly_en-us.js","en-BN":"sp-loader-assembly_en-us.js","en-ID":"sp-loader-assembly_en-us.js","mi":"sp-loader-assembly_en-us.js"},"defaultPath":"sp-loader-assembly_default.js"}}}},{"manifestVersion":2,"id":"aec2bbfd-a968-4d5b-a279-12e570f378e6","alias":"@microsoft/sp-http-msgraph","componentType":"Library","version":"1.18.0","loaderConfig":{"internalModuleBaseUrls":["https://localhost:4321/node_modules/@microsoft/sp-http-msgraph/dist/","https://localhost:4321/dist/"],"entryModuleId":"sp-http-msgraph","scriptResources":{"sp-http-msgraph":{"type":"localizedPath","paths":{"default":"sp-http-msgraph_default_f6165c18f138557321dc.js","en-US":"sp-http-msgraph_en-us_f6165c18f138557321dc.js","qps-ploca":"sp-http-msgraph_qps-ploca_f6165c18f138557321dc.js","qps-ploc":"sp-http-msgraph_qps-ploc_f6165c18f138557321dc.js","en-GB":"sp-http-msgraph_en-us_f6165c18f138557321dc.js","en-NZ":"sp-http-msgraph_en-us_f6165c18f138557321dc.js","en-IE":"sp-http-msgraph_en-us_f6165c18f138557321dc.js","en-AU":"sp-http-msgraph_en-us_f6165c18f138557321dc.js","bn":"sp-http-msgraph_en-us_f6165c18f138557321dc.js","chr":"sp-http-msgraph_en-us_f6165c18f138557321dc.js","dv":"sp-http-msgraph_en-us_f6165c18f138557321dc.js","div":"sp-http-msgraph_en-us_f6165c18f138557321dc.js","en":"sp-http-msgraph_en-us_f6165c18f138557321dc.js","fil":"sp-http-msgraph_en-us_f6165c18f138557321dc.js","haw":"sp-http-msgraph_en-us_f6165c18f138557321dc.js","iu":"sp-http-msgraph_en-us_f6165c18f138557321dc.js","lo":"sp-http-msgraph_en-us_f6165c18f138557321dc.js","moh":"sp-http-msgraph_en-us_f6165c18f138557321dc.js","sq":"sp-http-msgraph_en-us_f6165c18f138557321dc.js","am":"sp-http-msgraph_en-us_f6165c18f138557321dc.js","hy":"sp-http-msgraph_en-us_f6165c18f138557321dc.js","mk":"sp-http-msgraph_en-us_f6165c18f138557321dc.js","bs":"sp-http-msgraph_en-us_f6165c18f138557321dc.js","my":"sp-http-msgraph_en-us_f6165c18f138557321dc.js","dz":"sp-http-msgraph_en-us_f6165c18f138557321dc.js","en-CY":"sp-http-msgraph_en-us_f6165c18f138557321dc.js","en-EG":"sp-http-msgraph_en-us_f6165c18f138557321dc.js","en-IL":"sp-http-msgraph_en-us_f6165c18f138557321dc.js","en-IS":"sp-http-msgraph_en-us_f6165c18f138557321dc.js","en-JO":"sp-http-msgraph_en-us_f6165c18f138557321dc.js","en-KE":"sp-http-msgraph_en-us_f6165c18f138557321dc.js","en-KW":"sp-http-msgraph_en-us_f6165c18f138557321dc.js","en-MK":"sp-http-msgraph_en-us_f6165c18f138557321dc.js","en-MT":"sp-http-msgraph_en-us_f6165c18f138557321dc.js","en-PK":"sp-http-msgraph_en-us_f6165c18f138557321dc.js","en-QA":"sp-http-msgraph_en-us_f6165c18f138557321dc.js","en-SA":"sp-http-msgraph_en-us_f6165c18f138557321dc.js","en-LK":"sp-http-msgraph_en-us_f6165c18f138557321dc.js","en-AE":"sp-http-msgraph_en-us_f6165c18f138557321dc.js","en-VN":"sp-http-msgraph_en-us_f6165c18f138557321dc.js","is":"sp-http-msgraph_en-us_f6165c18f138557321dc.js","km":"sp-http-msgraph_en-us_f6165c18f138557321dc.js","kh":"sp-http-msgraph_en-us_f6165c18f138557321dc.js","mt":"sp-http-msgraph_en-us_f6165c18f138557321dc.js","fa":"sp-http-msgraph_en-us_f6165c18f138557321dc.js","gd":"sp-http-msgraph_en-us_f6165c18f138557321dc.js","sr-Cyrl-BA":"sp-http-msgraph_en-us_f6165c18f138557321dc.js","sr-Latn-BA":"sp-http-msgraph_en-us_f6165c18f138557321dc.js","sd":"sp-http-msgraph_en-us_f6165c18f138557321dc.js","si":"sp-http-msgraph_en-us_f6165c18f138557321dc.js","so":"sp-http-msgraph_en-us_f6165c18f138557321dc.js","ti-ET":"sp-http-msgraph_en-us_f6165c18f138557321dc.js","uz":"sp-http-msgraph_en-us_f6165c18f138557321dc.js","en-SG":"sp-http-msgraph_en-us_f6165c18f138557321dc.js","en-HK":"sp-http-msgraph_en-us_f6165c18f138557321dc.js","en-MY":"sp-http-msgraph_en-us_f6165c18f138557321dc.js","en-PH":"sp-http-msgraph_en-us_f6165c18f138557321dc.js","en-TT":"sp-http-msgraph_en-us_f6165c18f138557321dc.js","en-AZ":"sp-http-msgraph_en-us_f6165c18f138557321dc.js","en-BH":"sp-http-msgraph_en-us_f6165c18f138557321dc.js","en-BN":"sp-http-msgraph_en-us_f6165c18f138557321dc.js","en-ID":"sp-http-msgraph_en-us_f6165c18f138557321dc.js","mi":"sp-http-msgraph_en-us_f6165c18f138557321dc.js"},"defaultPath":"sp-http-msgraph_default_f6165c18f138557321dc.js"},"tslib":{"type":"component","id":"01c4df03-e775-48cb-aa14-171ee5199a15","version":"2.3.1"},"@microsoft/sp-http-base":{"type":"component","id":"8496636c-2300-4915-abef-20de64c98d8b","version":"1.18.0"},"@microsoft/sp-loader":{"type":"component","id":"1c6c9123-7aac-41f3-a376-3caea41ed83f","version":"1.18.0"},"@microsoft/sp-core-library":{"type":"component","id":"7263c7d0-1d6a-45ec-8d85-d4d1d234171b","version":"1.18.0"},"@microsoft/sp-diagnostics":{"type":"component","id":"78359e4b-07c2-43c6-8d0b-d060b4d577e8","version":"1.18.0"}}}},{"id":"c07208f0-ea3b-4c1a-9965-ac1b825211a6","alias":"SPHttp","componentType":"Library","version":"1.18.0","manifestVersion":2,"preloadComponents":[],"loaderConfig":{"internalModuleBaseUrls":["https://localhost:4321/node_modules/@microsoft/sp-http/dist/","https://localhost:4321/dist/"],"entryModuleId":"sp-http","scriptResources":{"sp-http":{"type":"path","path":"sp-http_none_9bca6ba4b3acf39ba63d.js"},"tslib":{"type":"component","id":"01c4df03-e775-48cb-aa14-171ee5199a15","version":"2.3.1"},"@microsoft/sp-http-base":{"type":"component","id":"8496636c-2300-4915-abef-20de64c98d8b","version":"1.18.0"},"@microsoft/sp-http-msgraph":{"type":"component","id":"aec2bbfd-a968-4d5b-a279-12e570f378e6","version":"1.18.0"},"@microsoft/sp-core-library":{"type":"component","id":"7263c7d0-1d6a-45ec-8d85-d4d1d234171b","version":"1.18.0"},"@microsoft/sp-diagnostics":{"type":"component","id":"78359e4b-07c2-43c6-8d0b-d060b4d577e8","version":"1.18.0"}}}},{"id":"467dc675-7cc5-4709-8aac-78e3b71bd2f6","alias":"SPComponentBase","componentType":"Library","version":"1.18.0","manifestVersion":2,"loaderConfig":{"internalModuleBaseUrls":["https://localhost:4321/node_modules/@microsoft/sp-component-base/dist/","https://localhost:4321/dist/"],"entryModuleId":"sp-component-base","scriptResources":{"sp-component-base":{"type":"localizedPath","paths":{"default":"sp-component-base_default_e0a5348a993421c544c4.js","en-US":"sp-component-base_en-us_e0a5348a993421c544c4.js","qps-ploca":"sp-component-base_qps-ploca_e0a5348a993421c544c4.js","qps-ploc":"sp-component-base_qps-ploc_e0a5348a993421c544c4.js","en-GB":"sp-component-base_en-us_e0a5348a993421c544c4.js","en-NZ":"sp-component-base_en-us_e0a5348a993421c544c4.js","en-IE":"sp-component-base_en-us_e0a5348a993421c544c4.js","en-AU":"sp-component-base_en-us_e0a5348a993421c544c4.js","bn":"sp-component-base_en-us_e0a5348a993421c544c4.js","chr":"sp-component-base_en-us_e0a5348a993421c544c4.js","dv":"sp-component-base_en-us_e0a5348a993421c544c4.js","div":"sp-component-base_en-us_e0a5348a993421c544c4.js","en":"sp-component-base_en-us_e0a5348a993421c544c4.js","fil":"sp-component-base_en-us_e0a5348a993421c544c4.js","haw":"sp-component-base_en-us_e0a5348a993421c544c4.js","iu":"sp-component-base_en-us_e0a5348a993421c544c4.js","lo":"sp-component-base_en-us_e0a5348a993421c544c4.js","moh":"sp-component-base_en-us_e0a5348a993421c544c4.js","sq":"sp-component-base_en-us_e0a5348a993421c544c4.js","am":"sp-component-base_en-us_e0a5348a993421c544c4.js","hy":"sp-component-base_en-us_e0a5348a993421c544c4.js","mk":"sp-component-base_en-us_e0a5348a993421c544c4.js","bs":"sp-component-base_en-us_e0a5348a993421c544c4.js","my":"sp-component-base_en-us_e0a5348a993421c544c4.js","dz":"sp-component-base_en-us_e0a5348a993421c544c4.js","en-CY":"sp-component-base_en-us_e0a5348a993421c544c4.js","en-EG":"sp-component-base_en-us_e0a5348a993421c544c4.js","en-IL":"sp-component-base_en-us_e0a5348a993421c544c4.js","en-IS":"sp-component-base_en-us_e0a5348a993421c544c4.js","en-JO":"sp-component-base_en-us_e0a5348a993421c544c4.js","en-KE":"sp-component-base_en-us_e0a5348a993421c544c4.js","en-KW":"sp-component-base_en-us_e0a5348a993421c544c4.js","en-MK":"sp-component-base_en-us_e0a5348a993421c544c4.js","en-MT":"sp-component-base_en-us_e0a5348a993421c544c4.js","en-PK":"sp-component-base_en-us_e0a5348a993421c544c4.js","en-QA":"sp-component-base_en-us_e0a5348a993421c544c4.js","en-SA":"sp-component-base_en-us_e0a5348a993421c544c4.js","en-LK":"sp-component-base_en-us_e0a5348a993421c544c4.js","en-AE":"sp-component-base_en-us_e0a5348a993421c544c4.js","en-VN":"sp-component-base_en-us_e0a5348a993421c544c4.js","is":"sp-component-base_en-us_e0a5348a993421c544c4.js","km":"sp-component-base_en-us_e0a5348a993421c544c4.js","kh":"sp-component-base_en-us_e0a5348a993421c544c4.js","mt":"sp-component-base_en-us_e0a5348a993421c544c4.js","fa":"sp-component-base_en-us_e0a5348a993421c544c4.js","gd":"sp-component-base_en-us_e0a5348a993421c544c4.js","sr-Cyrl-BA":"sp-component-base_en-us_e0a5348a993421c544c4.js","sr-Latn-BA":"sp-component-base_en-us_e0a5348a993421c544c4.js","sd":"sp-component-base_en-us_e0a5348a993421c544c4.js","si":"sp-component-base_en-us_e0a5348a993421c544c4.js","so":"sp-component-base_en-us_e0a5348a993421c544c4.js","ti-ET":"sp-component-base_en-us_e0a5348a993421c544c4.js","uz":"sp-component-base_en-us_e0a5348a993421c544c4.js","en-SG":"sp-component-base_en-us_e0a5348a993421c544c4.js","en-HK":"sp-component-base_en-us_e0a5348a993421c544c4.js","en-MY":"sp-component-base_en-us_e0a5348a993421c544c4.js","en-PH":"sp-component-base_en-us_e0a5348a993421c544c4.js","en-TT":"sp-component-base_en-us_e0a5348a993421c544c4.js","en-AZ":"sp-component-base_en-us_e0a5348a993421c544c4.js","en-BH":"sp-component-base_en-us_e0a5348a993421c544c4.js","en-BN":"sp-component-base_en-us_e0a5348a993421c544c4.js","en-ID":"sp-component-base_en-us_e0a5348a993421c544c4.js","mi":"sp-component-base_en-us_e0a5348a993421c544c4.js"},"defaultPath":"sp-component-base_default_e0a5348a993421c544c4.js"},"tslib":{"type":"component","id":"01c4df03-e775-48cb-aa14-171ee5199a15","version":"2.3.1"},"@ms/sp-telemetry":{"type":"component","id":"8217e442-8ed3-41fd-957d-b112e841286a","version":"0.30.33"},"@microsoft/sp-dynamic-data":{"type":"component","id":"e40f8203-b39d-425a-a957-714852e33b79","version":"1.18.0"},"@microsoft/sp-lodash-subset":{"type":"component","id":"73e1dc6c-8441-42cc-ad47-4bd3659f8a3a","version":"1.18.0"},"@microsoft/sp-core-library":{"type":"component","id":"7263c7d0-1d6a-45ec-8d85-d4d1d234171b","version":"1.18.0"},"@microsoft/sp-page-context":{"type":"component","id":"1c4541f7-5c31-41aa-9fa8-fbc9dc14c0a8","version":"1.18.0"},"@microsoft/load-themed-styles":{"type":"component","id":"229b8d08-79f3-438b-8c21-4613fc877abd","version":"0.1.2"},"@microsoft/sp-diagnostics":{"type":"component","id":"78359e4b-07c2-43c6-8d0b-d060b4d577e8","version":"1.18.0"},"@microsoft/sp-http":{"type":"component","id":"c07208f0-ea3b-4c1a-9965-ac1b825211a6","version":"1.18.0"}}}},{"id":"29bd516f-4ece-40b7-8028-597cbc65a223","alias":"SpOfficeUIFabricCore","componentType":"Library","version":"1.18.0","manifestVersion":2,"loaderConfig":{"internalModuleBaseUrls":["https://localhost:4321/node_modules/@microsoft/sp-office-ui-fabric-core/dist/","http://localhost:4321/dist/"],"entryModuleId":"office-ui-fabric-core","scriptResources":{"office-ui-fabric-core":{"type":"path","path":"office-ui-fabric-core_none_b97508545416104b93f1.js"},"@microsoft/load-themed-styles":{"type":"component","id":"229b8d08-79f3-438b-8c21-4613fc877abd","version":"0.1.2"}}}},{"manifestVersion":2,"id":"2c46c8f0-e214-4f49-951e-fd5b9d7b4ae1","alias":"SPImageHelper","componentType":"Library","version":"1.18.0","loaderConfig":{"internalModuleBaseUrls":["https://localhost:4321/node_modules/@microsoft/sp-image-helper/dist/","https://localhost:4321/dist/"],"entryModuleId":"sp-image-helper","scriptResources":{"sp-image-helper":{"type":"path","path":"sp-image-helper_none_2a2a9b01682bdab125b0.js"},"tslib":{"type":"component","id":"01c4df03-e775-48cb-aa14-171ee5199a15","version":"2.3.1"},"@ms/odsp-core-bundle":{"type":"component","id":"2e09fb9b-13bb-48f2-859f-97d6fff71176","version":"1.3.297"},"@microsoft/sp-lodash-subset":{"type":"component","id":"73e1dc6c-8441-42cc-ad47-4bd3659f8a3a","version":"1.18.0"},"@microsoft/sp-core-library":{"type":"component","id":"7263c7d0-1d6a-45ec-8d85-d4d1d234171b","version":"1.18.0"},"@microsoft/sp-page-context":{"type":"component","id":"1c4541f7-5c31-41aa-9fa8-fbc9dc14c0a8","version":"1.18.0"},"@microsoft/sp-diagnostics":{"type":"component","id":"78359e4b-07c2-43c6-8d0b-d060b4d577e8","version":"1.18.0"}}}},{"id":"f9e737b7-f0df-4597-ba8c-3060f82380db","alias":"SPPropertyPane","componentType":"Library","version":"1.18.0","manifestVersion":2,"loaderConfig":{"internalModuleBaseUrls":["https://localhost:4321/node_modules/@microsoft/sp-property-pane/dist/","https://localhost:4321/dist/"],"entryModuleId":"sp-property-pane","scriptResources":{"sp-property-pane":{"type":"localizedPath","paths":{"default":"sp-property-pane_default_d7553f1a0778ae0cff5f.js","en-US":"sp-property-pane_en-us_d7553f1a0778ae0cff5f.js","qps-ploca":"sp-property-pane_qps-ploca_d7553f1a0778ae0cff5f.js","qps-ploc":"sp-property-pane_qps-ploc_d7553f1a0778ae0cff5f.js","en-GB":"sp-property-pane_en-us_d7553f1a0778ae0cff5f.js","en-NZ":"sp-property-pane_en-us_d7553f1a0778ae0cff5f.js","en-IE":"sp-property-pane_en-us_d7553f1a0778ae0cff5f.js","en-AU":"sp-property-pane_en-us_d7553f1a0778ae0cff5f.js","bn":"sp-property-pane_en-us_d7553f1a0778ae0cff5f.js","chr":"sp-property-pane_en-us_d7553f1a0778ae0cff5f.js","dv":"sp-property-pane_en-us_d7553f1a0778ae0cff5f.js","div":"sp-property-pane_en-us_d7553f1a0778ae0cff5f.js","en":"sp-property-pane_en-us_d7553f1a0778ae0cff5f.js","fil":"sp-property-pane_en-us_d7553f1a0778ae0cff5f.js","haw":"sp-property-pane_en-us_d7553f1a0778ae0cff5f.js","iu":"sp-property-pane_en-us_d7553f1a0778ae0cff5f.js","lo":"sp-property-pane_en-us_d7553f1a0778ae0cff5f.js","moh":"sp-property-pane_en-us_d7553f1a0778ae0cff5f.js","sq":"sp-property-pane_en-us_d7553f1a0778ae0cff5f.js","am":"sp-property-pane_en-us_d7553f1a0778ae0cff5f.js","hy":"sp-property-pane_en-us_d7553f1a0778ae0cff5f.js","mk":"sp-property-pane_en-us_d7553f1a0778ae0cff5f.js","bs":"sp-property-pane_en-us_d7553f1a0778ae0cff5f.js","my":"sp-property-pane_en-us_d7553f1a0778ae0cff5f.js","dz":"sp-property-pane_en-us_d7553f1a0778ae0cff5f.js","en-CY":"sp-property-pane_en-us_d7553f1a0778ae0cff5f.js","en-EG":"sp-property-pane_en-us_d7553f1a0778ae0cff5f.js","en-IL":"sp-property-pane_en-us_d7553f1a0778ae0cff5f.js","en-IS":"sp-property-pane_en-us_d7553f1a0778ae0cff5f.js","en-JO":"sp-property-pane_en-us_d7553f1a0778ae0cff5f.js","en-KE":"sp-property-pane_en-us_d7553f1a0778ae0cff5f.js","en-KW":"sp-property-pane_en-us_d7553f1a0778ae0cff5f.js","en-MK":"sp-property-pane_en-us_d7553f1a0778ae0cff5f.js","en-MT":"sp-property-pane_en-us_d7553f1a0778ae0cff5f.js","en-PK":"sp-property-pane_en-us_d7553f1a0778ae0cff5f.js","en-QA":"sp-property-pane_en-us_d7553f1a0778ae0cff5f.js","en-SA":"sp-property-pane_en-us_d7553f1a0778ae0cff5f.js","en-LK":"sp-property-pane_en-us_d7553f1a0778ae0cff5f.js","en-AE":"sp-property-pane_en-us_d7553f1a0778ae0cff5f.js","en-VN":"sp-property-pane_en-us_d7553f1a0778ae0cff5f.js","is":"sp-property-pane_en-us_d7553f1a0778ae0cff5f.js","km":"sp-property-pane_en-us_d7553f1a0778ae0cff5f.js","kh":"sp-property-pane_en-us_d7553f1a0778ae0cff5f.js","mt":"sp-property-pane_en-us_d7553f1a0778ae0cff5f.js","fa":"sp-property-pane_en-us_d7553f1a0778ae0cff5f.js","gd":"sp-property-pane_en-us_d7553f1a0778ae0cff5f.js","sr-Cyrl-BA":"sp-property-pane_en-us_d7553f1a0778ae0cff5f.js","sr-Latn-BA":"sp-property-pane_en-us_d7553f1a0778ae0cff5f.js","sd":"sp-property-pane_en-us_d7553f1a0778ae0cff5f.js","si":"sp-property-pane_en-us_d7553f1a0778ae0cff5f.js","so":"sp-property-pane_en-us_d7553f1a0778ae0cff5f.js","ti-ET":"sp-property-pane_en-us_d7553f1a0778ae0cff5f.js","uz":"sp-property-pane_en-us_d7553f1a0778ae0cff5f.js","en-SG":"sp-property-pane_en-us_d7553f1a0778ae0cff5f.js","en-HK":"sp-property-pane_en-us_d7553f1a0778ae0cff5f.js","en-MY":"sp-property-pane_en-us_d7553f1a0778ae0cff5f.js","en-PH":"sp-property-pane_en-us_d7553f1a0778ae0cff5f.js","en-TT":"sp-property-pane_en-us_d7553f1a0778ae0cff5f.js","en-AZ":"sp-property-pane_en-us_d7553f1a0778ae0cff5f.js","en-BH":"sp-property-pane_en-us_d7553f1a0778ae0cff5f.js","en-BN":"sp-property-pane_en-us_d7553f1a0778ae0cff5f.js","en-ID":"sp-property-pane_en-us_d7553f1a0778ae0cff5f.js","mi":"sp-property-pane_en-us_d7553f1a0778ae0cff5f.js"},"defaultPath":"sp-property-pane_default_d7553f1a0778ae0cff5f.js"},"tslib":{"type":"component","id":"01c4df03-e775-48cb-aa14-171ee5199a15","version":"2.3.1"},"@ms/office-ui-fabric-react-bundle":{"type":"component","id":"396bbc17-3d18-4f43-8299-d99720d88e22","version":"1.18.1"},"@microsoft/sp-loader":{"type":"component","id":"1c6c9123-7aac-41f3-a376-3caea41ed83f","version":"1.18.0"},"@microsoft/sp-core-library":{"type":"component","id":"7263c7d0-1d6a-45ec-8d85-d4d1d234171b","version":"1.18.0"},"react":{"type":"component","id":"0d910c1c-13b9-4e1c-9aa4-b008c5e42d7d","version":"17.0.1"},"react-dom":{"type":"component","id":"aa0a46ec-1505-43cd-a44a-93f3a5aa460a","version":"17.0.1"},"@microsoft/load-themed-styles":{"type":"component","id":"229b8d08-79f3-438b-8c21-4613fc877abd","version":"0.1.2"},"@microsoft/sp-diagnostics":{"type":"component","id":"78359e4b-07c2-43c6-8d0b-d060b4d577e8","version":"1.18.0"}}}},{"manifestVersion":2,"id":"d5c7f2a5-a8e2-431c-9161-70d4d6396f79","alias":"SpTopActions","componentType":"Library","version":"1.18.0","loaderConfig":{"internalModuleBaseUrls":["https://localhost:4321/node_modules/@microsoft/sp-top-actions/dist/","https://localhost:4321/dist/"],"entryModuleId":"sp-top-actions","scriptResources":{"sp-top-actions":{"type":"path","path":"sp-top-actions_none_73fd93fa1224f76c64f4.js"}}}},{"id":"974a7777-0990-4136-8fa6-95d80114c2e0","alias":"SPWebPartBase","componentType":"Library","version":"1.18.0","manifestVersion":2,"preloadComponents":["f9e737b7-f0df-4597-ba8c-3060f82380db"],"loaderConfig":{"internalModuleBaseUrls":["https://localhost:4321/node_modules/@microsoft/sp-webpart-base/dist/","https://localhost:4321/dist/"],"entryModuleId":"sp-webpart-base","scriptResources":{"sp-webpart-base":{"type":"localizedPath","paths":{"default":"sp-webpart-base_default_c04936a047a79940b502.js","en-US":"sp-webpart-base_en-us_c04936a047a79940b502.js","qps-ploca":"sp-webpart-base_qps-ploca_c04936a047a79940b502.js","qps-ploc":"sp-webpart-base_qps-ploc_c04936a047a79940b502.js","en-GB":"sp-webpart-base_en-us_c04936a047a79940b502.js","en-NZ":"sp-webpart-base_en-us_c04936a047a79940b502.js","en-IE":"sp-webpart-base_en-us_c04936a047a79940b502.js","en-AU":"sp-webpart-base_en-us_c04936a047a79940b502.js","bn":"sp-webpart-base_en-us_c04936a047a79940b502.js","chr":"sp-webpart-base_en-us_c04936a047a79940b502.js","dv":"sp-webpart-base_en-us_c04936a047a79940b502.js","div":"sp-webpart-base_en-us_c04936a047a79940b502.js","en":"sp-webpart-base_en-us_c04936a047a79940b502.js","fil":"sp-webpart-base_en-us_c04936a047a79940b502.js","haw":"sp-webpart-base_en-us_c04936a047a79940b502.js","iu":"sp-webpart-base_en-us_c04936a047a79940b502.js","lo":"sp-webpart-base_en-us_c04936a047a79940b502.js","moh":"sp-webpart-base_en-us_c04936a047a79940b502.js","sq":"sp-webpart-base_en-us_c04936a047a79940b502.js","am":"sp-webpart-base_en-us_c04936a047a79940b502.js","hy":"sp-webpart-base_en-us_c04936a047a79940b502.js","mk":"sp-webpart-base_en-us_c04936a047a79940b502.js","bs":"sp-webpart-base_en-us_c04936a047a79940b502.js","my":"sp-webpart-base_en-us_c04936a047a79940b502.js","dz":"sp-webpart-base_en-us_c04936a047a79940b502.js","en-CY":"sp-webpart-base_en-us_c04936a047a79940b502.js","en-EG":"sp-webpart-base_en-us_c04936a047a79940b502.js","en-IL":"sp-webpart-base_en-us_c04936a047a79940b502.js","en-IS":"sp-webpart-base_en-us_c04936a047a79940b502.js","en-JO":"sp-webpart-base_en-us_c04936a047a79940b502.js","en-KE":"sp-webpart-base_en-us_c04936a047a79940b502.js","en-KW":"sp-webpart-base_en-us_c04936a047a79940b502.js","en-MK":"sp-webpart-base_en-us_c04936a047a79940b502.js","en-MT":"sp-webpart-base_en-us_c04936a047a79940b502.js","en-PK":"sp-webpart-base_en-us_c04936a047a79940b502.js","en-QA":"sp-webpart-base_en-us_c04936a047a79940b502.js","en-SA":"sp-webpart-base_en-us_c04936a047a79940b502.js","en-LK":"sp-webpart-base_en-us_c04936a047a79940b502.js","en-AE":"sp-webpart-base_en-us_c04936a047a79940b502.js","en-VN":"sp-webpart-base_en-us_c04936a047a79940b502.js","is":"sp-webpart-base_en-us_c04936a047a79940b502.js","km":"sp-webpart-base_en-us_c04936a047a79940b502.js","kh":"sp-webpart-base_en-us_c04936a047a79940b502.js","mt":"sp-webpart-base_en-us_c04936a047a79940b502.js","fa":"sp-webpart-base_en-us_c04936a047a79940b502.js","gd":"sp-webpart-base_en-us_c04936a047a79940b502.js","sr-Cyrl-BA":"sp-webpart-base_en-us_c04936a047a79940b502.js","sr-Latn-BA":"sp-webpart-base_en-us_c04936a047a79940b502.js","sd":"sp-webpart-base_en-us_c04936a047a79940b502.js","si":"sp-webpart-base_en-us_c04936a047a79940b502.js","so":"sp-webpart-base_en-us_c04936a047a79940b502.js","ti-ET":"sp-webpart-base_en-us_c04936a047a79940b502.js","uz":"sp-webpart-base_en-us_c04936a047a79940b502.js","en-SG":"sp-webpart-base_en-us_c04936a047a79940b502.js","en-HK":"sp-webpart-base_en-us_c04936a047a79940b502.js","en-MY":"sp-webpart-base_en-us_c04936a047a79940b502.js","en-PH":"sp-webpart-base_en-us_c04936a047a79940b502.js","en-TT":"sp-webpart-base_en-us_c04936a047a79940b502.js","en-AZ":"sp-webpart-base_en-us_c04936a047a79940b502.js","en-BH":"sp-webpart-base_en-us_c04936a047a79940b502.js","en-BN":"sp-webpart-base_en-us_c04936a047a79940b502.js","en-ID":"sp-webpart-base_en-us_c04936a047a79940b502.js","mi":"sp-webpart-base_en-us_c04936a047a79940b502.js"},"defaultPath":"sp-webpart-base_default_c04936a047a79940b502.js"},"tslib":{"type":"component","id":"01c4df03-e775-48cb-aa14-171ee5199a15","version":"2.3.1"},"@ms/sp-telemetry":{"type":"component","id":"8217e442-8ed3-41fd-957d-b112e841286a","version":"0.30.33"},"@microsoft/sp-component-base":{"type":"component","id":"467dc675-7cc5-4709-8aac-78e3b71bd2f6","version":"1.18.0"},"@microsoft/sp-loader":{"type":"component","id":"1c6c9123-7aac-41f3-a376-3caea41ed83f","version":"1.18.0"},"@microsoft/sp-lodash-subset":{"type":"component","id":"73e1dc6c-8441-42cc-ad47-4bd3659f8a3a","version":"1.18.0"},"@microsoft/sp-core-library":{"type":"component","id":"7263c7d0-1d6a-45ec-8d85-d4d1d234171b","version":"1.18.0"},"@microsoft/sp-page-context":{"type":"component","id":"1c4541f7-5c31-41aa-9fa8-fbc9dc14c0a8","version":"1.18.0"},"@ms/sp-edit-customer-promise":{"type":"component","id":"42647dee-1f75-4b9f-b521-5c844a6c35cc","version":"0.1.0"},"@microsoft/load-themed-styles":{"type":"component","id":"229b8d08-79f3-438b-8c21-4613fc877abd","version":"0.1.2"},"@microsoft/sp-diagnostics":{"type":"component","id":"78359e4b-07c2-43c6-8d0b-d060b4d577e8","version":"1.18.0"},"@microsoft/sp-http":{"type":"component","id":"c07208f0-ea3b-4c1a-9965-ac1b825211a6","version":"1.18.0"}}}},{"id":"860805f1-4586-4ba9-b9a1-88c6d6314bcf","alias":"CasgConnectWebPart","componentType":"WebPart","version":"0.0.1","manifestVersion":2,"requiresCustomScript":false,"supportedHosts":["SharePointWebPart","TeamsPersonalApp","TeamsTab","SharePointFullPage"],"supportsThemeVariants":true,"preconfiguredEntries":[{"groupId":"5c03119e-3074-46fd-976b-c60198311f70","group":{"default":"Advanced"},"title":{"default":"CasgConnect"},"description":{"default":"CasgConnect description"},"officeFabricIconFontName":"Page","properties":{"description":"CasgConnect"}}],"loaderConfig":{"internalModuleBaseUrls":["https://localhost:4321/dist/"],"entryModuleId":"casg-connect-web-part","scriptResources":{"casg-connect-web-part":{"type":"path","path":"casg-connect-web-part.js"},"@microsoft/sp-property-pane":{"type":"component","id":"f9e737b7-f0df-4597-ba8c-3060f82380db","version":"1.18.0"},"CasgConnectWebPartStrings":{"type":"path","path":"CasgConnectWebPartStrings_en-us.js"},"@microsoft/sp-core-library":{"type":"component","id":"7263c7d0-1d6a-45ec-8d85-d4d1d234171b","version":"1.18.0"},"@microsoft/sp-webpart-base":{"type":"component","id":"974a7777-0990-4136-8fa6-95d80114c2e0","version":"1.18.0"},"react":{"type":"component","id":"0d910c1c-13b9-4e1c-9aa4-b008c5e42d7d","version":"17.0.1"},"react-dom":{"type":"component","id":"aa0a46ec-1505-43cd-a44a-93f3a5aa460a","version":"17.0.1"}}}}]