{
  "@microsoft/generator-sharepoint": {
    "plusBeta": false,
    "isCreatingSolution": true,
    "nodeVersion": "18.17.1",
    "sdksVersions": {
      "@microsoft/microsoft-graph-client": "3.0.2",
      "@microsoft/teams-js": "2.12.0"
    },
    "version": "1.18.0",
    "libraryName": "casgConnect",
    "libraryId": "5cd889f8-826d-4e56-a9e1-1065fb13204f",
    "environment": "spo",
    "packageManager": "npm",
    "solutionName": "casgConnect",
    "solutionShortDescription": "casgConnect description",
    "skipFeatureDeployment": true,
    "isDomainIsolated": false,
    "componentType": "webpart"
  }
}
