<?xml version="1.0" encoding="utf-8"?><App xmlns="http://schemas.microsoft.com/sharepoint/2012/app/manifest" Name="casgConnect-client-side-solution" ProductID="5cd889f8-826d-4e56-a9e1-1065fb13204f" SharePointMinVersion="16.0.0.0" IsClientSideSolution="true" Version="1.0.0.0" SkipFeatureDeployment="true" IsDomainIsolated="false"><Properties><Title>casgConnect-client-side-solution</Title><DeveloperProperties>{&quot;name&quot;:&quot;&quot;,&quot;websiteUrl&quot;:&quot;&quot;,&quot;privacyUrl&quot;:&quot;&quot;,&quot;termsOfUseUrl&quot;:&quot;&quot;,&quot;mpnId&quot;:&quot;Undefined-1.18.0&quot;}</DeveloperProperties><ShortDescription><LocalizedString CultureName="default">casgConnect description</LocalizedString></ShortDescription><LongDescription><LocalizedString CultureName="default">casgConnect description</LocalizedString></LongDescription><Screenshots></Screenshots></Properties><WebApiPermissionRequests><WebApiPermissionRequest ResourceId="Microsoft Graph" Scope="User.Read.All"></WebApiPermissionRequest></WebApiPermissionRequests></App>